airport_code,station_id,distance_km,matching_method
ABE,72517014737,0.7082969415781186,nearest_within_radius
ABQ,72365023050,0.6986044224147941,nearest_within_radius
ABY,72216013869,0.15548791108872848,nearest_within_radius
AEX,74754093915,1.2209529921058728,nearest_within_radius
AGS,72218003820,0.557505269620884,nearest_within_radius
ALB,72518014735,0.3403681394336098,nearest_within_radius
AMA,72363023047,1.0162643459546483,nearest_within_radius
ANC,70273026451,1.7052230625518872,nearest_within_radius
ATL,72219013874,1.5110402444202806,nearest_within_radius
ATW,72645704825,1.009432426463493,nearest_within_radius
AUS,72254013904,1.594746072799756,nearest_within_radius
AVL,72315003812,0.580243877594823,nearest_within_radius
AVP,72513014777,0.593692702263424,nearest_within_radius
AZO,72635794815,0.8550873837784999,nearest_within_radius
BDL,72508014740,0.3145232442654817,nearest_within_radius
BFL,72384023155,0.2519700154201006,nearest_within_radius
BGM,72515004725,0.15001466329742294,nearest_within_radius
BGR,72607014606,1.2752766402764946,nearest_within_radius
BHM,72228013876,0.6804841295764872,nearest_within_radius
BMI,72439754831,2.960320008107113,nearest_within_radius
BNA,72327013897,1.741490954409737,nearest_within_radius
BOI,72681024131,1.4954155508439064,nearest_within_radius
BOS,72509014739,0.37452973135660733,nearest_within_radius
BTR,72232013970,0.6203474521891493,nearest_within_radius
BTV,72617014742,0.5121850009574066,nearest_within_radius
BUF,72528014733,0.4474726591491526,nearest_within_radius
BUR,72288023152,0.5908055177121057,nearest_within_radius
BWI,72406093721,1.3401571458793302,nearest_within_radius
BZN,72679724132,1.5041743104335874,nearest_within_radius
CAE,72310013883,0.37071528758005484,nearest_within_radius
CHA,72324013882,0.35816832485669686,nearest_within_radius
CHO,72401693736,0.38812919849415545,nearest_within_radius
CHS,72208013880,0.059930750477345425,nearest_within_radius
CID,72545014990,1.1883157113181537,nearest_within_radius
CLE,72524014820,0.44523608010064014,nearest_within_radius
CLT,72314013881,1.1325698904326853,nearest_within_radius
CMH,72428014821,1.4554959989905873,nearest_within_radius
CRW,72414013866,0.45935475433553724,nearest_within_radius
CSG,72225593842,0.2948980869922181,nearest_within_radius
CVG,72421093814,0.6545784774815917,nearest_within_radius
CWA,72646594890,0.612138567481151,nearest_within_radius
DAB,74787012834,1.5092823253782601,nearest_within_radius
DAY,72429093815,0.42177776903820097,nearest_within_radius
DCA,72405013743,0.5440879935072003,nearest_within_radius
DEN,72565003017,2.1861690886546232,nearest_within_radius
DFW,72259003927,1.473294030123134,nearest_within_radius
DHN,72226813839,0.7031544336423518,nearest_within_radius
DSM,72546014933,0.3981165533667463,nearest_within_radius
DTW,72537094847,2.7593108885865956,nearest_within_radius
ECP,72073573805,1.2659630380366482,nearest_within_radius
EGE,72467523063,0.8092638801585275,nearest_within_radius
ELP,72270023044,0.534394798728892,nearest_within_radius
EUG,72693024221,1.0048951355755642,nearest_within_radius
EVV,72432093817,1.5683078960069303,nearest_within_radius
EWR,72502014734,1.0568620456696651,nearest_within_radius
EYW,72201012836,0.515257213407959,nearest_within_radius
FAR,72753014914,0.4810873790596364,nearest_within_radius
FAT,72389093193,0.3836327589578189,nearest_within_radius
FAY,72303593740,0.1261147168732948,nearest_within_radius
FLL,74783012849,1.4726398917742192,nearest_within_radius
FSD,72651014944,1.0655450325223017,nearest_within_radius
FWA,72533014827,1.1428966477444613,nearest_within_radius
GEG,72785024157,0.6299142352356812,nearest_within_radius
GFK,72757014916,0.8251980591737155,nearest_within_radius
GNV,74756012816,0.4739929340710038,nearest_within_radius
GPT,74757093874,1.1811041312309942,nearest_within_radius
GRB,72645014898,0.7804350000462372,nearest_within_radius
GRR,72635094860,0.13098544658090702,nearest_within_radius
GSO,72317013723,0.5166887553274454,nearest_within_radius
GSP,72312003870,1.279529766050613,nearest_within_radius
GTR,72330753893,0.8000679685304912,nearest_within_radius
HNL,91182022521,2.059059031785022,nearest_within_radius
HPN,72503794745,0.588393653986666,nearest_within_radius
HSV,72323003856,1.2572524197014527,nearest_within_radius
IAD,72403093738,1.7877458040336205,nearest_within_radius
IAH,72243012960,1.8894526288171551,nearest_within_radius
ICT,72450003928,0.3490353145944418,nearest_within_radius
ILM,72302013748,0.523572297573913,nearest_within_radius
IND,72438093819,1.3899357936971966,nearest_within_radius
ITH,72515594761,1.159005942068772,nearest_within_radius
JAC,72577624166,0.8904648018074263,nearest_within_radius
JAN,72235003940,1.0091543341957891,nearest_within_radius
JAX,72206013889,0.6033355367286288,nearest_within_radius
JFK,74486094789,1.237850793537615,nearest_within_radius
KOA,91197521510,0.2742683486924163,nearest_within_radius
LAN,72539014836,1.1701627670926638,nearest_within_radius
LAS,72386023169,1.3151208047428158,nearest_within_radius
LAX,72295023174,2.005785392381766,nearest_within_radius
LBB,72267023042,0.3489110254970485,nearest_within_radius
LEX,72422093820,0.3629018132900734,nearest_within_radius
LFT,72240513976,0.700516545161766,nearest_within_radius
LGA,72503014732,0.661730737242517,nearest_within_radius
LIH,91165022536,0.43257718465090683,nearest_within_radius
LIT,72340313963,1.0658839756918757,nearest_within_radius
MCI,72446003947,1.4734706432136897,nearest_within_radius
MCO,72205012815,1.950152923941442,nearest_within_radius
MDT,72399014711,0.8707978119841093,nearest_within_radius
MEM,72334013893,1.7248934303082633,nearest_within_radius
MFE,72250612959,0.7283229061628523,nearest_within_radius
MGM,72226013895,1.2338432272233102,nearest_within_radius
MIA,72202012839,2.8217223521648997,nearest_within_radius
MKE,72640014839,1.1100409411357608,nearest_within_radius
MLI,72544014923,1.352578270600775,nearest_within_radius
MLU,72248613942,0.8335804671288443,nearest_within_radius
MOB,72223013894,0.48675794841640896,nearest_within_radius
MQT,72628494836,0.292243318374248,nearest_within_radius
MSN,72641014837,0.618601309533212,nearest_within_radius
MSP,72658014922,0.810040221579971,nearest_within_radius
MSY,72231012916,1.8864591201573067,nearest_within_radius
MTJ,72476593013,0.6220715731866346,nearest_within_radius
MYR,74791013717,0.5650618548377736,nearest_within_radius
OAJ,72306993753,0.6097999325492836,nearest_within_radius
OGG,91190022516,1.1641763446156996,nearest_within_radius
OKC,72353013967,0.5672061333199788,nearest_within_radius
OMA,72550014942,1.1904993048245713,nearest_within_radius
ONT,74704003102,2.248028865455272,nearest_within_radius
ORD,72530094846,2.7329137110908985,nearest_within_radius
ORF,72308013737,1.2587675293842828,nearest_within_radius
ORH,72510094746,0.4697630332170716,nearest_within_radius
PBI,72203012844,0.40479347921455905,nearest_within_radius
PDX,72698024229,1.2469804322545355,nearest_within_radius
PHL,72408013739,1.1627605053434484,nearest_within_radius
PHX,72278023183,0.9881041761594938,nearest_within_radius
PIT,72520094823,1.7396681560924587,nearest_within_radius
PNS,72222313899,0.3033254580891917,nearest_within_radius
PSP,72286893138,0.8933069658009325,nearest_within_radius
PVD,72507014765,0.3609308043620868,nearest_within_radius
PWM,72606014764,0.542197492197928,nearest_within_radius
RDU,72306013722,1.6572476313134494,nearest_within_radius
RIC,72401013740,0.8014454597503601,nearest_within_radius
RNO,72488023185,0.9822344050693707,nearest_within_radius
ROA,72411013741,0.9612293159374453,nearest_within_radius
ROC,72529014768,0.34576348314305144,nearest_within_radius
RST,72644014925,0.8018335409040395,nearest_within_radius
RSW,72210812894,0.27104921956837286,nearest_within_radius
SAN,72290023188,0.6302574649937582,nearest_within_radius
SAT,72253012921,1.8229939280681322,nearest_within_radius
SAV,72207003822,0.3897449328692876,nearest_within_radius
SBA,72392523190,0.24134420693741934,nearest_within_radius
SBN,72535014848,0.17965247151686065,nearest_within_radius
SDF,72423093821,0.5667037736502976,nearest_within_radius
SEA,72793024233,0.583005126060379,nearest_within_radius
SFO,72494023234,0.8506327724565026,nearest_within_radius
SGF,72440013995,0.6298663198605368,nearest_within_radius
SHV,72248013957,0.2094297830987388,nearest_within_radius
SJC,72494523293,0.6078219040562536,nearest_within_radius
SJU,78526011641,1.1708491297363326,nearest_within_radius
SLC,72572024127,2.2073360122771346,nearest_within_radius
SMF,72483993225,0.7051610559474047,nearest_within_radius
SNA,72297793184,0.5093676826263379,nearest_within_radius
SRQ,72211512871,0.7541648956138248,nearest_within_radius
STL,72434013994,0.457909209193626,nearest_within_radius
STT,78543011640,0.7166652350445296,nearest_within_radius
STX,78551011624,1.076331512911397,nearest_within_radius
SYR,72519014771,0.19431320995011378,nearest_within_radius
TLH,72214093805,0.29695117014154054,nearest_within_radius
TPA,72211012842,1.5420099876501325,nearest_within_radius
TRI,72335013877,0.9237443971472004,nearest_within_radius
TUL,72356013968,0.9053409820877792,nearest_within_radius
TUS,72274023160,2.25551577853987,nearest_within_radius
TVC,72638714850,1.1405822173454292,nearest_within_radius
TYS,72326013891,1.0625619614725748,nearest_within_radius
VLD,72216693845,0.6322480607105002,nearest_within_radius
VPS,72221013858,0.7940878906689014,nearest_within_radius
XNA,72343653922,1.0009267428939754,nearest_within_radius
